case,arch,section,layer,x,y,z,C1,C3,N_PE,status,UB_log,LB_log,gap_percent_log,linear_rows,variables,nonzeros,continuous,integers_including_binary,binary,nonbinary_integer,quadratic_constraints,general_constraints,presolved_continuous,presolved_integer,presolved_binary,nodes,simplex_iterations,solver_seconds_log,stage3_seconds_log,gurobi_version,threads,MIPGap_param,NumericFocus_param,DualReductions_param,IntFeasTol_param,FeasibilityTol_param
a100_like__Llama_3.3-70B_128k,a100_like,lm_head,lm_head,1,128256,8192,37748736,128,65536,2,3.137688592172e+01,3.137688592172e+01,0.0000,193,143,485,67,76,47,29,44,26,43,60,38,1,312,0.05,0.075611,13.0.0,32,0,0,1,1e-09,1e-09
a100_like__Llama_3.3-70B_128k,a100_like,transformer_block,01_attn_q_proj,131072,8192,8192,37748736,128,65536,2,2.611127244072e-01,2.611127244072e-01,0.0000,193,143,485,67,76,47,29,44,26,66,72,45,27408,105734,0.89,0.951329,13.0.0,32,0,0,1,1e-09,1e-09
a100_like__Llama_3.3-70B_128k,a100_like,transformer_block,02_attn_kv_proj,131072,1024,8192,37748736,128,65536,2,2.773296240845e-01,2.773296240845e-01,0.0000,193,143,485,67,76,47,29,44,26,66,72,45,10263,30966,0.5,0.554154,13.0.0,32,0,0,1,1e-09,1e-09
a100_like__Llama_3.3-70B_128k,a100_like,transformer_block,03_attn_score,1048576,131072,128,37748736,128,65536,2,4.314206599936e-01,4.314206599936e-01,0.0000,193,143,485,67,76,47,29,44,26,66,75,46,490,4181,0.2,0.232693,13.0.0,32,0,0,1,1e-09,1e-09
a100_like__Llama_3.3-70B_128k,a100_like,transformer_block,04_attn_context,1048576,128,131072,37748736,128,65536,2,4.452379207358e-01,4.452379207358e-01,0.0000,193,143,485,67,76,47,29,44,26,66,75,46,9427,37514,0.53,0.584714,13.0.0,32,0,0,1,1e-09,1e-09
a100_like__Llama_3.3-70B_128k,a100_like,transformer_block,05_attn_output,131072,8192,8192,37748736,128,65536,2,2.611127244072e-01,2.611127244072e-01,0.0000,193,143,485,67,76,47,29,44,26,66,72,45,27408,105734,0.87,0.902608,13.0.0,32,0,0,1,1e-09,1e-09
a100_like__Llama_3.3-70B_128k,a100_like,transformer_block,06_mlp_gate_up,131072,28672,8192,37748736,128,65536,2,2.598159709995e-01,2.598159709995e-01,0.0000,193,143,485,67,76,47,29,44,26,66,72,45,7982,46773,0.53,0.585734,13.0.0,32,0,0,1,1e-09,1e-09
a100_like__Llama_3.3-70B_128k,a100_like,transformer_block,07_mlp_down,131072,8192,28672,37748736,128,65536,2,2.645267546561e-01,2.645267546561e-01,0.0000,193,143,485,67,76,47,29,44,26,66,72,45,26356,144016,0.77,0.795925,13.0.0,32,0,0,1,1e-09,1e-09
a100_like__Llama_3.3-70B_2k,a100_like,lm_head,lm_head,1,128256,8192,37748736,128,65536,2,3.137688592172e+01,3.137688592172e+01,0.0000,193,143,485,67,76,47,29,44,26,43,60,38,1,312,0.05,0.106054,13.0.0,32,0,0,1,1e-09,1e-09
a100_like__Llama_3.3-70B_2k,a100_like,transformer_block,01_attn_q_proj,2048,8192,8192,37748736,128,65536,2,2.685047320557e-01,2.685047320557e-01,0.0000,193,143,485,67,76,47,29,44,26,66,72,45,24669,87090,1.02,1.068326,13.0.0,32,0,0,1,1e-09,1e-09
a100_like__Llama_3.3-70B_2k,a100_like,transformer_block,02_attn_kv_proj,2048,1024,8192,37748736,128,65536,2,2.916380100099e-01,2.916380100099e-01,0.0000,193,143,485,67,76,47,29,44,26,63,72,45,2810,17921,0.24,0.297072,13.0.0,32,0,0,1,1e-09,1e-09
a100_like__Llama_3.3-70B_2k,a100_like,transformer_block,03_attn_score,16384,2048,128,37748736,128,65536,2,4.487440501403e-01,4.487440501403e-01,0.0000,193,143,485,67,76,47,29,44,26,63,72,45,138,1257,0.11,0.1537,13.0.0,32,0,0,1,1e-09,1e-09
a100_like__Llama_3.3-70B_2k,a100_like,transformer_block,04_attn_context,16384,128,2048,37748736,128,65536,2,4.584638096923e-01,4.584638096923e-01,0.0000,193,143,485,67,76,47,29,44,26,63,72,45,18564,62317,0.55,0.628669,13.0.0,32,0,0,1,1e-09,1e-09
a100_like__Llama_3.3-70B_2k,a100_like,transformer_block,05_attn_output,2048,8192,8192,37748736,128,65536,2,2.685047320557e-01,2.685047320557e-01,0.0000,193,143,485,67,76,47,29,44,26,66,72,45,24669,87090,1.03,1.102637,13.0.0,32,0,0,1,1e-09,1e-09
a100_like__Llama_3.3-70B_2k,a100_like,transformer_block,06_mlp_gate_up,2048,28672,8192,37748736,128,65536,2,2.662829739293e-01,2.662829739293e-01,0.0000,193,143,485,67,76,47,29,44,26,66,72,45,12988,64458,0.9,0.955217,13.0.0,32,0,0,1,1e-09,1e-09
a100_like__Llama_3.3-70B_2k,a100_like,transformer_block,07_mlp_down,2048,8192,28672,37748736,128,65536,2,2.664345394463e-01,2.664345394463e-01,0.0000,193,143,485,67,76,47,29,44,26,66,72,45,8491,43666,0.62,0.674874,13.0.0,32,0,0,1,1e-09,1e-09
a100_like__Llama_3.3-70B_32k,a100_like,lm_head,lm_head,1,128256,8192,37748736,128,65536,2,3.137688592172e+01,3.137688592172e+01,0.0000,193,143,485,67,76,47,29,44,26,43,60,38,1,312,0.05,0.101329,13.0.0,32,0,0,1,1e-09,1e-09
a100_like__Llama_3.3-70B_32k,a100_like,transformer_block,01_attn_q_proj,32768,8192,8192,37748736,128,65536,2,2.619887567596e-01,2.619887567596e-01,0.0000,193,143,485,67,76,47,29,44,26,66,72,45,11084,52865,0.85,0.900699,13.0.0,32,0,0,1,1e-09,1e-09
a100_like__Llama_3.3-70B_32k,a100_like,transformer_block,02_attn_kv_proj,32768,1024,8192,37748736,128,65536,2,2.773296240845e-01,2.773296240845e-01,0.0000,193,143,485,67,76,47,29,44,26,66,72,45,9210,31623,0.38,0.438151,13.0.0,32,0,0,1,1e-09,1e-09
a100_like__Llama_3.3-70B_32k,a100_like,transformer_block,03_attn_score,262144,32768,128,37748736,128,65536,2,4.322455833340e-01,4.322455833340e-01,0.0000,193,143,485,67,76,47,29,44,26,66,72,45,441,2406,0.13,0.159617,13.0.0,32,0,0,1,1e-09,1e-09
a100_like__Llama_3.3-70B_32k,a100_like,transformer_block,04_attn_context,262144,128,32768,37748736,128,65536,2,4.521673249739e-01,4.521673249739e-01,0.0000,193,143,485,67,76,47,29,44,26,66,72,45,12263,50185,1.04,1.118607,13.0.0,32,0,0,1,1e-09,1e-09
a100_like__Llama_3.3-70B_32k,a100_like,transformer_block,05_attn_output,32768,8192,8192,37748736,128,65536,2,2.619887567596e-01,2.619887567596e-01,0.0000,193,143,485,67,76,47,29,44,26,66,72,45,11084,52865,0.85,0.880961,13.0.0,32,0,0,1,1e-09,1e-09
a100_like__Llama_3.3-70B_32k,a100_like,transformer_block,06_mlp_gate_up,32768,28672,8192,37748736,128,65536,2,2.598159709995e-01,2.598159709995e-01,0.0000,193,143,485,67,76,47,29,44,26,66,72,45,9460,60656,0.66,0.713412,13.0.0,32,0,0,1,1e-09,1e-09
a100_like__Llama_3.3-70B_32k,a100_like,transformer_block,07_mlp_down,32768,8192,28672,37748736,128,65536,2,2.645267546561e-01,2.645267546561e-01,0.0000,193,143,485,67,76,47,29,44,26,66,72,45,11740,71799,0.84,0.877291,13.0.0,32,0,0,1,1e-09,1e-09
a100_like__Qwen3-32B_128k,a100_like,lm_head,lm_head,1,152064,5120,37748736,128,65536,2,3.139188818270e+01,3.139188818270e+01,0.0000,193,143,485,67,76,47,29,44,26,43,57,37,2868,7988,0.15,0.204151,13.0.0,32,0,0,1,1e-09,1e-09
a100_like__Qwen3-32B_128k,a100_like,transformer_block,01_attn_q_proj,131072,8192,5120,37748736,128,65536,2,2.680331589775e-01,2.680331589775e-01,0.0000,193,143,485,67,76,47,29,44,26,66,72,45,10055,56382,0.41,0.489294,13.0.0,32,0,0,1,1e-09,1e-09
a100_like__Qwen3-32B_128k,a100_like,transformer_block,02_attn_kv_proj,131072,1024,5120,37748736,128,65536,2,2.895192353325e-01,2.895192353325e-01,0.0000,193,143,485,67,76,47,29,44,26,66,72,45,13710,36996,0.75,0.81189,13.0.0,32,0,0,1,1e-09,1e-09
a100_like__Qwen3-32B_128k,a100_like,transformer_block,03_attn_score,1048576,131072,128,37748736,128,65536,2,4.314206599936e-01,4.314206599936e-01,0.0000,193,143,485,67,76,47,29,44,26,66,75,46,490,4181,0.22,0.279827,13.0.0,32,0,0,1,1e-09,1e-09
a100_like__Qwen3-32B_128k,a100_like,transformer_block,04_attn_context,1048576,128,131072,37748736,128,65536,2,4.452379207358e-01,4.452379207358e-01,0.0000,193,143,485,67,76,47,29,44,26,66,75,46,9427,37514,0.55,0.604627,13.0.0,32,0,0,1,1e-09,1e-09
a100_like__Qwen3-32B_128k,a100_like,transformer_block,05_attn_output,131072,5120,8192,37748736,128,65536,2,2.635903168633e-01,2.635903168633e-01,0.0000,193,143,485,67,76,47,29,44,26,66,72,45,7153,46722,0.32,0.372529,13.0.0,32,0,0,1,1e-09,1e-09
a100_like__Qwen3-32B_128k,a100_like,transformer_block,06_mlp_gate_up,131072,25600,5120,37748736,128,65536,2,2.681657400810e-01,2.681657400810e-01,0.0000,193,143,485,67,76,47,29,44,26,66,72,45,36032,200163,1.86,1.939732,13.0.0,32,0,0,1,1e-09,1e-09
a100_like__Qwen3-32B_128k,a100_like,transformer_block,07_mlp_down,131072,5120,25600,37748736,128,65536,2,2.681258835938e-01,2.681258835938e-01,0.0000,193,143,485,67,76,47,29,44,26,66,72,45,18612,110275,1.07,1.126793,13.0.0,32,0,0,1,1e-09,1e-09
a100_like__Qwen3-32B_2k,a100_like,lm_head,lm_head,1,152064,5120,37748736,128,65536,2,3.139188818270e+01,3.139188818270e+01,0.0000,193,143,485,67,76,47,29,44,26,43,57,37,2868,7988,0.15,0.199753,13.0.0,32,0,0,1,1e-09,1e-09
a100_like__Qwen3-32B_2k,a100_like,transformer_block,01_attn_q_proj,2048,8192,5120,37748736,128,65536,2,2.773462812500e-01,2.773462812501e-01,0.0000,193,143,485,67,76,47,29,44,26,66,72,45,21233,124450,1.12,1.173448,13.0.0,32,0,0,1,1e-09,1e-09
a100_like__Qwen3-32B_2k,a100_like,transformer_block,02_attn_kv_proj,2048,1024,5120,37748736,128,65536,2,3.041040991211e-01,3.041040991211e-01,0.0000,193,143,485,67,76,47,29,44,26,63,72,45,5317,16256,0.3,0.353933,13.0.0,32,0,0,1,1e-09,1e-09
a100_like__Qwen3-32B_2k,a100_like,transformer_block,03_attn_score,16384,2048,128,37748736,128,65536,2,4.487440501403e-01,4.487440501403e-01,0.0000,193,143,485,67,76,47,29,44,26,63,72,45,138,1257,0.1,0.157449,13.0.0,32,0,0,1,1e-09,1e-09
a100_like__Qwen3-32B_2k,a100_like,transformer_block,04_attn_context,16384,128,2048,37748736,128,65536,2,4.584638096923e-01,4.584638096923e-01,0.0000,193,143,485,67,76,47,29,44,26,63,72,45,18564,62317,0.54,0.60911,13.0.0,32,0,0,1,1e-09,1e-09
a100_like__Qwen3-32B_2k,a100_like,transformer_block,05_attn_output,2048,5120,8192,37748736,128,65536,2,2.707940738036e-01,2.707940738036e-01,0.0000,193,143,485,67,76,47,29,44,26,66,72,45,3640,17311,0.27,0.321735,13.0.0,32,0,0,1,1e-09,1e-09
a100_like__Qwen3-32B_2k,a100_like,transformer_block,06_mlp_gate_up,2048,25600,5120,37748736,128,65536,2,2.756103675391e-01,2.756103675391e-01,0.0000,193,143,485,67,76,47,29,44,26,66,72,45,14615,60508,0.54,0.592654,13.0.0,32,0,0,1,1e-09,1e-09
a100_like__Qwen3-32B_2k,a100_like,transformer_block,07_mlp_down,2048,5120,25600,37748736,128,65536,2,2.757570227539e-01,2.757570227539e-01,0.0000,193,143,485,67,76,47,29,44,26,66,72,45,1282,10020,0.24,0.296456,13.0.0,32,0,0,1,1e-09,1e-09
a100_like__Qwen3-32B_32k,a100_like,lm_head,lm_head,1,152064,5120,37748736,128,65536,2,3.139188818270e+01,3.139188818270e+01,0.0000,193,143,485,67,76,47,29,44,26,43,57,37,2868,7988,0.15,0.205628,13.0.0,32,0,0,1,1e-09,1e-09
a100_like__Qwen3-32B_32k,a100_like,transformer_block,01_attn_q_proj,32768,8192,5120,37748736,128,65536,2,2.689091913299e-01,2.689091913299e-01,0.0000,193,143,485,67,76,47,29,44,26,66,72,45,13698,101399,0.78,0.854837,13.0.0,32,0,0,1,1e-09,1e-09
a100_like__Qwen3-32B_32k,a100_like,transformer_block,02_attn_kv_proj,32768,1024,5120,37748736,128,65536,2,2.897172351074e-01,2.897172351075e-01,0.0000,193,143,485,67,76,47,29,44,26,66,72,45,18414,68091,0.68,0.730294,13.0.0,32,0,0,1,1e-09,1e-09
a100_like__Qwen3-32B_32k,a100_like,transformer_block,03_attn_score,262144,32768,128,37748736,128,65536,2,4.322455833340e-01,4.322455833340e-01,0.0000,193,143,485,67,76,47,29,44,26,66,72,45,441,2406,0.14,0.193563,13.0.0,32,0,0,1,1e-09,1e-09
a100_like__Qwen3-32B_32k,a100_like,transformer_block,04_attn_context,262144,128,32768,37748736,128,65536,2,4.521673249739e-01,4.521673249739e-01,0.0000,193,143,485,67,76,47,29,44,26,66,72,45,12263,50185,1.1,1.148532,13.0.0,32,0,0,1,1e-09,1e-09
a100_like__Qwen3-32B_32k,a100_like,transformer_block,05_attn_output,32768,5120,8192,37748736,128,65536,2,2.644663492157e-01,2.644663492157e-01,0.0000,193,143,485,67,76,47,29,44,26,66,72,45,9873,65147,0.86,0.908706,13.0.0,32,0,0,1,1e-09,1e-09
a100_like__Qwen3-32B_32k,a100_like,transformer_block,06_mlp_gate_up,32768,25600,5120,37748736,128,65536,2,2.690417724335e-01,2.690417724335e-01,0.0000,193,143,485,67,76,47,29,44,26,66,72,45,17167,103987,0.87,0.929458,13.0.0,32,0,0,1,1e-09,1e-09
a100_like__Qwen3-32B_32k,a100_like,transformer_block,07_mlp_down,32768,5120,25600,37748736,128,65536,2,2.681258835938e-01,2.681258835938e-01,0.0000,193,143,485,67,76,47,29,44,26,66,72,45,15093,64544,0.55,0.603053,13.0.0,32,0,0,1,1e-09,1e-09
eyeriss_like__Llama_3.2-1B_1k,eyeriss_like,lm_head,lm_head,1,128256,2048,165888,424,256,2,6.693177484285e+01,6.693177484285e+01,0.0000,193,143,485,67,76,47,29,44,26,43,60,38,1,475,0.06,0.117316,13.0.0,32,0,0,1,1e-09,1e-09
eyeriss_like__Llama_3.2-1B_1k,eyeriss_like,transformer_block,01_attn_q_proj,1024,2048,2048,165888,424,256,2,5.928654478760e+00,5.928654478760e+00,0.0000,193,143,485,67,76,47,29,44,26,66,72,45,16622,68161,0.51,0.534328,13.0.0,32,0,0,1,1e-09,1e-09
eyeriss_like__Llama_3.2-1B_1k,eyeriss_like,transformer_block,02_attn_kv_proj,1024,512,2048,165888,424,256,2,5.928654478760e+00,5.928654478760e+00,0.0000,193,143,485,67,76,47,29,44,26,66,72,45,1062,12864,0.2,0.251926,13.0.0,32,0,0,1,1e-09,1e-09
eyeriss_like__Llama_3.2-1B_1k,eyeriss_like,transformer_block,03_attn_score,4096,1024,64,165888,424,256,2,6.452951040649e+00,6.452951040649e+00,0.0000,193,143,485,67,76,47,29,44,26,66,72,45,1552,12286,0.2,0.246074,13.0.0,32,0,0,1,1e-09,1e-09
eyeriss_like__Llama_3.2-1B_1k,eyeriss_like,transformer_block,04_attn_context,4096,64,1024,165888,424,256,2,6.613628982544e+00,6.613628982544e+00,0.0000,193,143,485,67,76,47,29,44,26,66,72,45,10571,37453,0.46,0.506752,13.0.0,32,0,0,1,1e-09,1e-09
eyeriss_like__Llama_3.2-1B_1k,eyeriss_like,transformer_block,05_attn_output,1024,2048,2048,165888,424,256,2,5.928654478760e+00,5.928654478760e+00,0.0000,193,143,485,67,76,47,29,44,26,66,72,45,16622,68161,0.51,0.563389,13.0.0,32,0,0,1,1e-09,1e-09
eyeriss_like__Llama_3.2-1B_1k,eyeriss_like,transformer_block,06_mlp_gate_up,1024,8192,2048,165888,424,256,2,5.928654478760e+00,5.928654478760e+00,0.0000,193,143,485,67,76,47,29,44,26,66,72,45,9898,74661,0.49,0.54771,13.0.0,32,0,0,1,1e-09,1e-09
eyeriss_like__Llama_3.2-1B_1k,eyeriss_like,transformer_block,07_mlp_down,1024,2048,8192,165888,424,256,2,5.908323486633e+00,5.908323486633e+00,0.0000,193,143,485,67,76,47,29,44,26,66,72,45,7781,37736,0.36,0.394164,13.0.0,32,0,0,1,1e-09,1e-09
eyeriss_like__Llama_3.2-1B_32k,eyeriss_like,lm_head,lm_head,1,128256,2048,165888,424,256,2,6.693177484285e+01,6.693177484285e+01,0.0000,193,143,485,67,76,47,29,44,26,43,60,38,1,475,0.07,0.144734,13.0.0,32,0,0,1,1e-09,1e-09
eyeriss_like__Llama_3.2-1B_32k,eyeriss_like,transformer_block,01_attn_q_proj,32768,2048,2048,165888,424,256,2,5.928654478760e+00,5.928654478760e+00,0.0000,193,143,485,67,76,47,29,44,26,66,72,45,4064,24552,0.29,0.366785,13.0.0,32,0,0,1,1e-09,1e-09
eyeriss_like__Llama_3.2-1B_32k,eyeriss_like,transformer_block,02_attn_kv_proj,32768,512,2048,165888,424,256,2,5.928654478760e+00,5.928654478760e+00,0.0000,193,143,485,67,76,47,29,44,26,66,72,45,5012,37277,0.32,0.371842,13.0.0,32,0,0,1,1e-09,1e-09
eyeriss_like__Llama_3.2-1B_32k,eyeriss_like,transformer_block,03_attn_score,131072,32768,64,165888,424,256,2,6.403704551868e+00,6.403704551868e+00,0.0000,193,143,485,67,76,47,29,44,26,66,72,45,3582,23700,0.28,0.338938,13.0.0,32,0,0,1,1e-09,1e-09
eyeriss_like__Llama_3.2-1B_32k,eyeriss_like,transformer_block,04_attn_context,131072,64,32768,165888,424,256,2,6.578431193924e+00,6.578431193924e+00,0.0000,193,143,485,67,76,47,29,44,26,66,72,45,5984,21551,0.3,0.356152,13.0.0,32,0,0,1,1e-09,1e-09
eyeriss_like__Llama_3.2-1B_32k,eyeriss_like,transformer_block,05_attn_output,32768,2048,2048,165888,424,256,2,5.928654478760e+00,5.928654478760e+00,0.0000,193,143,485,67,76,47,29,44,26,66,72,45,4064,24552,0.29,0.337787,13.0.0,32,0,0,1,1e-09,1e-09
eyeriss_like__Llama_3.2-1B_32k,eyeriss_like,transformer_block,06_mlp_gate_up,32768,8192,2048,165888,424,256,2,5.928654478760e+00,5.928654478760e+00,0.0000,193,143,485,67,76,47,29,44,26,66,72,45,11083,76987,0.61,0.661376,13.0.0,32,0,0,1,1e-09,1e-09
eyeriss_like__Llama_3.2-1B_32k,eyeriss_like,transformer_block,07_mlp_down,32768,2048,8192,165888,424,256,2,5.908323486633e+00,5.908323486633e+00,0.0000,193,143,485,67,76,47,29,44,26,66,72,45,7834,52846,0.39,0.421688,13.0.0,32,0,0,1,1e-09,1e-09
eyeriss_like__Llama_3.2-1B_8k,eyeriss_like,lm_head,lm_head,1,128256,2048,165888,424,256,2,6.693177484285e+01,6.693177484285e+01,0.0000,193,143,485,67,76,47,29,44,26,43,60,38,1,475,0.06,0.115541,13.0.0,32,0,0,1,1e-09,1e-09
eyeriss_like__Llama_3.2-1B_8k,eyeriss_like,transformer_block,01_attn_q_proj,8192,2048,2048,165888,424,256,2,5.928654478760e+00,5.928654478760e+00,0.0000,193,143,485,67,76,47,29,44,26,66,72,45,7107,41845,0.35,0.400943,13.0.0,32,0,0,1,1e-09,1e-09
eyeriss_like__Llama_3.2-1B_8k,eyeriss_like,transformer_block,02_attn_kv_proj,8192,512,2048,165888,424,256,2,5.928654478759e+00,5.928654478759e+00,0.0000,193,143,485,67,76,47,29,44,26,66,72,45,11988,67368,0.61,0.663142,13.0.0,32,0,0,1,1e-09,1e-09
eyeriss_like__Llama_3.2-1B_8k,eyeriss_like,transformer_block,03_attn_score,32768,8192,64,165888,424,256,2,6.405328671341e+00,6.405328671341e+00,0.0000,193,143,485,67,76,47,29,44,26,66,72,45,611,5298,0.16,0.220046,13.0.0,32,0,0,1,1e-09,1e-09
eyeriss_like__Llama_3.2-1B_8k,eyeriss_like,transformer_block,04_attn_context,32768,64,8192,165888,424,256,2,6.583513941955e+00,6.583513941955e+00,0.0000,193,143,485,67,76,47,29,44,26,66,72,45,445,3855,0.16,0.20882,13.0.0,32,0,0,1,1e-09,1e-09
eyeriss_like__Llama_3.2-1B_8k,eyeriss_like,transformer_block,05_attn_output,8192,2048,2048,165888,424,256,2,5.928654478760e+00,5.928654478760e+00,0.0000,193,143,485,67,76,47,29,44,26,66,72,45,7107,41845,0.35,0.431121,13.0.0,32,0,0,1,1e-09,1e-09
eyeriss_like__Llama_3.2-1B_8k,eyeriss_like,transformer_block,06_mlp_gate_up,8192,8192,2048,165888,424,256,2,5.928654478760e+00,5.928654478760e+00,0.0000,193,143,485,67,76,47,29,44,26,66,72,45,19507,169446,0.81,0.865427,13.0.0,32,0,0,1,1e-09,1e-09
eyeriss_like__Llama_3.2-1B_8k,eyeriss_like,transformer_block,07_mlp_down,8192,2048,8192,165888,424,256,2,5.908323486633e+00,5.908323486633e+00,0.0000,193,143,485,67,76,47,29,44,26,66,72,45,4460,28999,0.29,0.320273,13.0.0,32,0,0,1,1e-09,1e-09
eyeriss_like__Qwen3-0.6B_1k,eyeriss_like,lm_head,lm_head,1,151936,1024,165888,424,256,2,6.695879660402e+01,6.695879660402e+01,0.0000,193,143,485,67,76,47,29,44,26,43,60,38,1,247,0.04,0.065856,13.0.0,32,0,0,1,1e-09,1e-09
eyeriss_like__Qwen3-0.6B_1k,eyeriss_like,transformer_block,01_attn_q_proj,1024,2048,1024,165888,424,256,2,5.955762468261e+00,5.955762468261e+00,0.0000,193,143,485,67,76,47,29,44,26,66,72,45,8932,59724,0.59,0.744231,13.0.0,32,0,0,1,1e-09,1e-09
eyeriss_like__Qwen3-0.6B_1k,eyeriss_like,transformer_block,02_attn_kv_proj,1024,1024,1024,165888,424,256,2,5.955762468261e+00,5.955762468261e+00,0.0000,193,143,485,67,76,47,29,44,26,66,72,45,9005,64835,0.38,0.4064,13.0.0,32,0,0,1,1e-09,1e-09
eyeriss_like__Qwen3-0.6B_1k,eyeriss_like,transformer_block,03_attn_score,2048,1024,128,165888,424,256,2,6.036547149658e+00,6.036547149658e+00,0.0000,193,143,485,67,76,47,29,44,26,66,72,45,2543,17295,0.28,0.317305,13.0.0,32,0,0,1,1e-09,1e-09
eyeriss_like__Qwen3-0.6B_1k,eyeriss_like,transformer_block,04_attn_context,2048,128,1024,165888,424,256,2,6.111530189209e+00,6.111530189209e+00,0.0000,193,143,485,67,76,47,29,44,26,66,72,45,1959,19197,0.24,0.273207,13.0.0,32,0,0,1,1e-09,1e-09
eyeriss_like__Qwen3-0.6B_1k,eyeriss_like,transformer_block,05_attn_output,1024,1024,2048,165888,424,256,2,5.928654478760e+00,5.928654478760e+00,0.0000,193,143,485,67,76,47,29,44,26,66,72,45,4880,18909,0.26,0.28564,13.0.0,32,0,0,1,1e-09,1e-09
eyeriss_like__Qwen3-0.6B_1k,eyeriss_like,transformer_block,06_mlp_gate_up,1024,3072,1024,165888,424,256,2,5.955762468262e+00,5.955762468262e+00,0.0000,193,143,485,67,76,47,29,44,26,66,72,45,10844,81905,0.45,0.507043,13.0.0,32,0,0,1,1e-09,1e-09
eyeriss_like__Qwen3-0.6B_1k,eyeriss_like,transformer_block,07_mlp_down,1024,1024,3072,165888,424,256,2,5.919618482259e+00,5.919618482259e+00,0.0000,193,143,485,67,76,47,29,44,26,66,72,45,15372,121476,0.57,0.590493,13.0.0,32,0,0,1,1e-09,1e-09
eyeriss_like__Qwen3-0.6B_32k,eyeriss_like,lm_head,lm_head,1,151936,1024,165888,424,256,2,6.695879660402e+01,6.695879660402e+01,0.0000,193,143,485,67,76,47,29,44,26,43,60,38,1,247,0.04,0.099129,13.0.0,32,0,0,1,1e-09,1e-09
eyeriss_like__Qwen3-0.6B_32k,eyeriss_like,transformer_block,01_attn_q_proj,32768,2048,1024,165888,424,256,2,5.951132196731e+00,5.951132196731e+00,0.0000,193,143,485,67,76,47,29,44,26,66,72,45,3631,25149,0.31,0.361542,13.0.0,32,0,0,1,1e-09,1e-09
eyeriss_like__Qwen3-0.6B_32k,eyeriss_like,transformer_block,02_attn_kv_proj,32768,1024,1024,165888,424,256,2,5.951132196731e+00,5.951132196731e+00,0.0000,193,143,485,67,76,47,29,44,26,66,72,45,4775,45535,0.33,0.409622,13.0.0,32,0,0,1,1e-09,1e-09
eyeriss_like__Qwen3-0.6B_32k,eyeriss_like,transformer_block,03_attn_score,65536,32768,128,165888,424,256,2,6.002982013893e+00,6.002982013893e+00,0.0000,193,143,485,67,76,47,29,44,26,66,72,45,3602,20273,0.31,0.344729,13.0.0,32,0,0,1,1e-09,1e-09
eyeriss_like__Qwen3-0.6B_32k,eyeriss_like,transformer_block,04_attn_context,65536,128,32768,165888,424,256,2,6.093656341629e+00,6.093656341629e+00,0.0000,193,143,485,67,76,47,29,44,26,66,72,45,2287,19803,0.4,0.425817,13.0.0,32,0,0,1,1e-09,1e-09
eyeriss_like__Qwen3-0.6B_32k,eyeriss_like,transformer_block,05_attn_output,32768,1024,2048,165888,424,256,2,5.928654478759e+00,5.928654478759e+00,0.0000,193,143,485,67,76,47,29,44,26,66,72,45,5418,38322,0.35,0.403991,13.0.0,32,0,0,1,1e-09,1e-09
eyeriss_like__Qwen3-0.6B_32k,eyeriss_like,transformer_block,06_mlp_gate_up,32768,3072,1024,165888,424,256,2,5.951132196732e+00,5.951132196732e+00,0.0000,193,143,485,67,76,47,29,44,26,66,72,45,4212,34268,0.31,0.363162,13.0.0,32,0,0,1,1e-09,1e-09
eyeriss_like__Qwen3-0.6B_32k,eyeriss_like,transformer_block,07_mlp_down,32768,1024,3072,165888,424,256,2,5.919618482259e+00,5.919618482259e+00,0.0000,193,143,485,67,76,47,29,44,26,66,72,45,17827,115659,0.73,0.780036,13.0.0,32,0,0,1,1e-09,1e-09
eyeriss_like__Qwen3-0.6B_8k,eyeriss_like,lm_head,lm_head,1,151936,1024,165888,424,256,2,6.695879660402e+01,6.695879660402e+01,0.0000,193,143,485,67,76,47,29,44,26,43,60,38,1,247,0.04,0.08788,13.0.0,32,0,0,1,1e-09,1e-09
eyeriss_like__Qwen3-0.6B_8k,eyeriss_like,transformer_block,01_attn_q_proj,8192,2048,1024,165888,424,256,2,5.955762468262e+00,5.955762468262e+00,0.0000,193,143,485,67,76,47,29,44,26,66,72,45,12050,76627,0.51,0.532129,13.0.0,32,0,0,1,1e-09,1e-09
eyeriss_like__Qwen3-0.6B_8k,eyeriss_like,transformer_block,02_attn_kv_proj,8192,1024,1024,165888,424,256,2,5.955762468262e+00,5.955762468262e+00,0.0000,193,143,485,67,76,47,29,44,26,66,72,45,3271,23572,0.26,0.287559,13.0.0,32,0,0,1,1e-09,1e-09
eyeriss_like__Qwen3-0.6B_8k,eyeriss_like,transformer_block,03_attn_score,16384,8192,128,165888,424,256,2,6.006230252838e+00,6.006230252838e+00,0.0000,193,143,485,67,76,47,29,44,26,66,72,45,7730,37226,0.41,0.461136,13.0.0,32,0,0,1,1e-09,1e-09
eyeriss_like__Qwen3-0.6B_8k,eyeriss_like,transformer_block,04_attn_context,16384,128,8192,165888,424,256,2,6.098739089660e+00,6.098739089660e+00,0.0000,193,143,485,67,76,47,29,44,26,66,72,45,130,2629,0.16,0.20753,13.0.0,32,0,0,1,1e-09,1e-09
eyeriss_like__Qwen3-0.6B_8k,eyeriss_like,transformer_block,05_attn_output,8192,1024,2048,165888,424,256,2,5.928654478760e+00,5.928654478760e+00,0.0000,193,143,485,67,76,47,29,44,26,66,72,45,4585,35982,0.32,0.40257,13.0.0,32,0,0,1,1e-09,1e-09
eyeriss_like__Qwen3-0.6B_8k,eyeriss_like,transformer_block,06_mlp_gate_up,8192,3072,1024,165888,424,256,2,5.955762468262e+00,5.955762468262e+00,0.0000,193,143,485,67,76,47,29,44,26,66,72,45,10610,46269,0.39,0.446876,13.0.0,32,0,0,1,1e-09,1e-09
eyeriss_like__Qwen3-0.6B_8k,eyeriss_like,transformer_block,07_mlp_down,8192,1024,3072,165888,424,256,2,5.919618482259e+00,5.919618482259e+00,0.0000,193,143,485,67,76,47,29,44,26,66,72,45,10195,82324,0.5,0.554556,13.0.0,32,0,0,1,1e-09,1e-09
gemmini_like__Llama_3.2-1B_1k,gemmini_like,lm_head,lm_head,1,128256,2048,589824,1,256,2,6.472686395574e+01,6.472686395574e+01,0.0000,193,143,485,67,76,47,29,44,26,38,69,43,1,351,0.07,0.093912,13.0.0,32,0,0,1,1e-09,1e-09
gemmini_like__Llama_3.2-1B_1k,gemmini_like,transformer_block,01_attn_q_proj,1024,2048,2048,589824,1,256,2,1.160696384521e+00,1.160696384521e+00,0.0000,193,143,485,67,76,47,29,44,26,57,84,51,1327,14369,0.21,0.26392,13.0.0,32,0,0,1,1e-09,1e-09
gemmini_like__Llama_3.2-1B_1k,gemmini_like,transformer_block,02_attn_kv_proj,1024,512,2048,589824,1,256,2,1.192601889893e+00,1.192601889893e+00,0.0000,193,143,485,67,76,47,29,44,26,57,80,49,236,3278,0.16,0.227595,13.0.0,32,0,0,1,1e-09,1e-09
gemmini_like__Llama_3.2-1B_1k,gemmini_like,transformer_block,03_attn_score,4096,1024,64,589824,1,256,2,1.986920154053e+00,1.986920154053e+00,0.0000,193,143,485,67,76,47,29,44,26,57,76,47,584,3790,0.23,0.307117,13.0.0,32,0,0,1,1e-09,1e-09
gemmini_like__Llama_3.2-1B_1k,gemmini_like,transformer_block,04_attn_context,4096,64,1024,589824,1,256,2,2.006832331787e+00,2.006832331787e+00,0.0000,193,143,485,67,76,47,29,44,26,57,80,49,3040,9393,0.24,0.287561,13.0.0,32,0,0,1,1e-09,1e-09
gemmini_like__Llama_3.2-1B_1k,gemmini_like,transformer_block,05_attn_output,1024,2048,2048,589824,1,256,2,1.160696384521e+00,1.160696384521e+00,0.0000,193,143,485,67,76,47,29,44,26,57,84,51,1327,14369,0.21,0.260219,13.0.0,32,0,0,1,1e-09,1e-09
gemmini_like__Llama_3.2-1B_1k,gemmini_like,transformer_block,06_mlp_gate_up,1024,8192,2048,589824,1,256,2,1.136767255493e+00,1.136767255493e+00,0.0000,193,143,485,67,76,47,29,44,26,57,84,51,1611,13268,0.22,0.275432,13.0.0,32,0,0,1,1e-09,1e-09
gemmini_like__Llama_3.2-1B_1k,gemmini_like,transformer_block,07_mlp_down,1024,2048,8192,589824,1,256,2,1.172992352173e+00,1.172992352173e+00,0.0000,193,143,485,67,76,47,29,44,26,57,84,51,3069,18108,0.26,0.332599,13.0.0,32,0,0,1,1e-09,1e-09
gemmini_like__Llama_3.2-1B_32k,gemmini_like,lm_head,lm_head,1,128256,2048,589824,1,256,2,6.472686395574e+01,6.472686395574e+01,0.0000,193,143,485,67,76,47,29,44,26,38,69,43,1,351,0.06,0.096018,13.0.0,32,0,0,1,1e-09,1e-09
gemmini_like__Llama_3.2-1B_32k,gemmini_like,transformer_block,01_attn_q_proj,32768,2048,2048,589824,1,256,2,1.130784973236e+00,1.130784973236e+00,0.0000,193,143,485,67,76,47,29,44,26,57,84,51,1644,11034,0.23,0.281698,13.0.0,32,0,0,1,1e-09,1e-09
gemmini_like__Llama_3.2-1B_32k,gemmini_like,transformer_block,02_attn_kv_proj,32768,512,2048,589824,1,256,2,1.130784973236e+00,1.130784973236e+00,0.0000,193,143,485,67,76,47,29,44,26,57,80,49,947,7531,0.21,0.289959,13.0.0,32,0,0,1,1e-09,1e-09
gemmini_like__Llama_3.2-1B_32k,gemmini_like,transformer_block,03_attn_score,131072,32768,64,589824,1,256,2,1.915631290489e+00,1.915631290489e+00,0.0000,193,143,485,67,76,47,29,44,26,57,76,47,531,3228,0.16,0.209184,13.0.0,32,0,0,1,1e-09,1e-09
gemmini_like__Llama_3.2-1B_32k,gemmini_like,transformer_block,04_attn_context,131072,64,32768,589824,1,256,2,1.958194088020e+00,1.958194088020e+00,0.0000,193,143,485,67,76,47,29,44,26,57,80,49,6652,19156,0.41,0.45599,13.0.0,32,0,0,1,1e-09,1e-09
gemmini_like__Llama_3.2-1B_32k,gemmini_like,transformer_block,05_attn_output,32768,2048,2048,589824,1,256,2,1.130784973236e+00,1.130784973236e+00,0.0000,193,143,485,67,76,47,29,44,26,57,84,51,1644,11034,0.23,0.281105,13.0.0,32,0,0,1,1e-09,1e-09
gemmini_like__Llama_3.2-1B_32k,gemmini_like,transformer_block,06_mlp_gate_up,32768,8192,2048,589824,1,256,2,1.130784973236e+00,1.130784973236e+00,0.0000,193,143,485,67,76,47,29,44,26,57,84,51,3221,19995,0.26,0.311474,13.0.0,32,0,0,1,1e-09,1e-09
gemmini_like__Llama_3.2-1B_32k,gemmini_like,transformer_block,07_mlp_down,32768,2048,8192,589824,1,256,2,1.154234061066e+00,1.154234061066e+00,0.0000,193,143,485,67,76,47,29,44,26,57,84,51,4565,21721,0.29,0.320077,13.0.0,32,0,0,1,1e-09,1e-09
gemmini_like__Llama_3.2-1B_8k,gemmini_like,lm_head,lm_head,1,128256,2048,589824,1,256,2,6.472686395574e+01,6.472686395574e+01,0.0000,193,143,485,67,76,47,29,44,26,38,69,43,1,351,0.07,0.120204,13.0.0,32,0,0,1,1e-09,1e-09
gemmini_like__Llama_3.2-1B_8k,gemmini_like,transformer_block,01_attn_q_proj,8192,2048,2048,589824,1,256,2,1.136767255493e+00,1.136767255493e+00,0.0000,193,143,485,67,76,47,29,44,26,57,84,51,2599,21084,0.24,0.294623,13.0.0,32,0,0,1,1e-09,1e-09
gemmini_like__Llama_3.2-1B_8k,gemmini_like,transformer_block,02_attn_kv_proj,8192,512,2048,589824,1,256,2,1.136767255493e+00,1.136767255493e+00,0.0000,193,143,485,67,76,47,29,44,26,57,80,49,1154,8853,0.19,0.24281,13.0.0,32,0,0,1,1e-09,1e-09
gemmini_like__Llama_3.2-1B_8k,gemmini_like,transformer_block,03_attn_score,32768,8192,64,589824,1,256,2,1.917126861053e+00,1.917126861053e+00,0.0000,193,143,485,67,76,47,29,44,26,57,76,47,251,2304,0.14,0.219928,13.0.0,32,0,0,1,1e-09,1e-09
gemmini_like__Llama_3.2-1B_8k,gemmini_like,transformer_block,04_attn_context,32768,64,8192,589824,1,256,2,1.953827386627e+00,1.953827386627e+00,0.0000,193,143,485,67,76,47,29,44,26,57,80,49,694,6785,0.21,0.238273,13.0.0,32,0,0,1,1e-09,1e-09
gemmini_like__Llama_3.2-1B_8k,gemmini_like,transformer_block,05_attn_output,8192,2048,2048,589824,1,256,2,1.136767255493e+00,1.136767255493e+00,0.0000,193,143,485,67,76,47,29,44,26,57,84,51,2599,21084,0.24,0.293982,13.0.0,32,0,0,1,1e-09,1e-09
gemmini_like__Llama_3.2-1B_8k,gemmini_like,transformer_block,06_mlp_gate_up,8192,8192,2048,589824,1,256,2,1.136767255493e+00,1.136767255493e+00,0.0000,193,143,485,67,76,47,29,44,26,57,84,51,2918,24321,0.23,0.264344,13.0.0,32,0,0,1,1e-09,1e-09
gemmini_like__Llama_3.2-1B_8k,gemmini_like,transformer_block,07_mlp_down,8192,2048,8192,589824,1,256,2,1.160216343323e+00,1.160216343323e+00,0.0000,193,143,485,67,76,47,29,44,26,57,84,51,13103,60017,0.46,0.514172,13.0.0,32,0,0,1,1e-09,1e-09
gemmini_like__Qwen3-0.6B_1k,gemmini_like,lm_head,lm_head,1,151936,1024,589824,1,256,2,6.475571846496e+01,6.475571846496e+01,0.0000,193,143,485,67,76,47,29,44,26,38,69,43,11,387,0.07,0.140096,13.0.0,32,0,0,1,1e-09,1e-09
gemmini_like__Qwen3-0.6B_1k,gemmini_like,transformer_block,01_attn_q_proj,1024,2048,1024,589824,1,256,2,1.129430934082e+00,1.129430934082e+00,0.0000,193,143,485,67,76,47,29,44,26,57,84,51,5808,11459,0.3,0.376323,13.0.0,32,0,0,1,1e-09,1e-09
gemmini_like__Qwen3-0.6B_1k,gemmini_like,transformer_block,02_attn_kv_proj,1024,1024,1024,589824,1,256,2,1.161336439453e+00,1.161336439453e+00,0.0000,193,143,485,67,76,47,29,44,26,57,84,51,1991,12274,0.22,0.274824,13.0.0,32,0,0,1,1e-09,1e-09
gemmini_like__Qwen3-0.6B_1k,gemmini_like,transformer_block,03_attn_score,2048,1024,128,589824,1,256,2,1.503004648926e+00,1.503004648926e+00,0.0000,193,143,485,67,76,47,29,44,26,57,76,47,212,2484,0.17,0.215838,13.0.0,32,0,0,1,1e-09,1e-09
gemmini_like__Qwen3-0.6B_1k,gemmini_like,transformer_block,04_attn_context,2048,128,1024,589824,1,256,2,1.512296998535e+00,1.512296998535e+00,0.0000,193,143,485,67,76,47,29,44,26,57,80,49,1209,5870,0.2,0.254625,13.0.0,32,0,0,1,1e-09,1e-09
gemmini_like__Qwen3-0.6B_1k,gemmini_like,transformer_block,05_attn_output,1024,1024,2048,589824,1,256,2,1.192601889892e+00,1.192601889892e+00,0.0000,193,143,485,67,76,47,29,44,26,57,84,51,1715,11060,0.2,0.226392,13.0.0,32,0,0,1,1e-09,1e-09
gemmini_like__Qwen3-0.6B_1k,gemmini_like,transformer_block,06_mlp_gate_up,1024,3072,1024,589824,1,256,2,1.118795765625e+00,1.118795765625e+00,0.0000,193,143,485,67,76,47,29,44,26,57,84,51,910,5574,0.21,0.265236,13.0.0,32,0,0,1,1e-09,1e-09
gemmini_like__Qwen3-0.6B_1k,gemmini_like,transformer_block,07_mlp_down,1024,1024,3072,589824,1,256,2,1.185671373373e+00,1.185671373373e+00,0.0000,193,143,485,67,76,47,29,44,26,57,84,51,1413,11510,0.19,0.247568,13.0.0,32,0,0,1,1e-09,1e-09
gemmini_like__Qwen3-0.6B_32k,gemmini_like,lm_head,lm_head,1,151936,1024,589824,1,256,2,6.475571846496e+01,6.475571846496e+01,0.0000,193,143,485,67,76,47,29,44,26,38,69,43,11,387,0.07,0.114907,13.0.0,32,0,0,1,1e-09,1e-09
gemmini_like__Qwen3-0.6B_32k,gemmini_like,transformer_block,01_attn_q_proj,32768,2048,1024,589824,1,256,2,1.099519522797e+00,1.099519522797e+00,0.0000,193,143,485,67,76,47,29,44,26,57,84,51,3455,19999,0.29,0.324075,13.0.0,32,0,0,1,1e-09,1e-09
gemmini_like__Qwen3-0.6B_32k,gemmini_like,transformer_block,02_attn_kv_proj,32768,1024,1024,589824,1,256,2,1.099519522796e+00,1.099519522796e+00,0.0000,193,143,485,67,76,47,29,44,26,57,84,51,950,8580,0.18,0.210317,13.0.0,32,0,0,1,1e-09,1e-09
gemmini_like__Qwen3-0.6B_32k,gemmini_like,transformer_block,03_attn_score,65536,32768,128,589824,1,256,2,1.424237932541e+00,1.424237932540e+00,0.0000,193,143,485,67,76,47,29,44,26,57,76,47,470,6036,0.16,0.193053,13.0.0,32,0,0,1,1e-09,1e-09
gemmini_like__Qwen3-0.6B_32k,gemmini_like,transformer_block,04_attn_context,65536,128,32768,589824,1,256,2,1.448204525604e+00,1.448204525604e+00,0.0000,193,143,485,67,76,47,29,44,26,57,80,49,2604,13864,0.23,0.280392,13.0.0,32,0,0,1,1e-09,1e-09
gemmini_like__Qwen3-0.6B_32k,gemmini_like,transformer_block,05_attn_output,32768,1024,2048,589824,1,256,2,1.130784973236e+00,1.130784973236e+00,0.0000,193,143,485,67,76,47,29,44,26,57,84,51,3572,16863,0.36,0.409821,13.0.0,32,0,0,1,1e-09,1e-09
gemmini_like__Qwen3-0.6B_32k,gemmini_like,transformer_block,06_mlp_gate_up,32768,3072,1024,589824,1,256,2,1.099519522797e+00,1.099519522796e+00,0.0000,193,143,485,67,76,47,29,44,26,57,84,51,1887,15342,0.21,0.283807,13.0.0,32,0,0,1,1e-09,1e-09
gemmini_like__Qwen3-0.6B_32k,gemmini_like,transformer_block,07_mlp_down,32768,1024,3072,589824,1,256,2,1.141206790050e+00,1.141206790050e+00,0.0000,193,143,485,67,76,47,29,44,26,57,84,51,3418,13511,0.24,0.318128,13.0.0,32,0,0,1,1e-09,1e-09
gemmini_like__Qwen3-0.6B_8k,gemmini_like,lm_head,lm_head,1,151936,1024,589824,1,256,2,6.475571846496e+01,6.475571846496e+01,0.0000,193,143,485,67,76,47,29,44,26,38,69,43,11,387,0.06,0.090196,13.0.0,32,0,0,1,1e-09,1e-09
gemmini_like__Qwen3-0.6B_8k,gemmini_like,transformer_block,01_attn_q_proj,8192,2048,1024,589824,1,256,2,1.105501805054e+00,1.105501805054e+00,0.0000,193,143,485,67,76,47,29,44,26,57,84,51,3287,26939,0.24,0.28734,13.0.0,32,0,0,1,1e-09,1e-09
gemmini_like__Qwen3-0.6B_8k,gemmini_like,transformer_block,02_attn_kv_proj,8192,1024,1024,589824,1,256,2,1.105501805054e+00,1.105501805054e+00,0.0000,193,143,485,67,76,47,29,44,26,57,84,51,1444,12046,0.21,0.263964,13.0.0,32,0,0,1,1e-09,1e-09
gemmini_like__Qwen3-0.6B_8k,gemmini_like,transformer_block,03_attn_score,16384,8192,128,589824,1,256,2,1.427229073669e+00,1.427229073669e+00,0.0000,193,143,485,67,76,47,29,44,26,57,76,47,552,3794,0.16,0.214567,13.0.0,32,0,0,1,1e-09,1e-09
gemmini_like__Qwen3-0.6B_8k,gemmini_like,transformer_block,04_attn_context,16384,128,8192,589824,1,256,2,1.445333394776e+00,1.445333394776e+00,0.0000,193,143,485,67,76,47,29,44,26,57,80,49,893,6664,0.17,0.218694,13.0.0,32,0,0,1,1e-09,1e-09
gemmini_like__Qwen3-0.6B_8k,gemmini_like,transformer_block,05_attn_output,8192,1024,2048,589824,1,256,2,1.136767255493e+00,1.136767255493e+00,0.0000,193,143,485,67,76,47,29,44,26,57,84,51,1308,13125,0.17,0.192548,13.0.0,32,0,0,1,1e-09,1e-09
gemmini_like__Qwen3-0.6B_8k,gemmini_like,transformer_block,06_mlp_gate_up,8192,3072,1024,589824,1,256,2,1.105501805054e+00,1.105501805054e+00,0.0000,193,143,485,67,76,47,29,44,26,57,84,51,1764,11946,0.2,0.222974,13.0.0,32,0,0,1,1e-09,1e-09
gemmini_like__Qwen3-0.6B_8k,gemmini_like,transformer_block,07_mlp_down,8192,1024,3072,589824,1,256,2,1.147189072306e+00,1.147189072306e+00,0.0000,193,143,485,67,76,47,29,44,26,57,84,51,618,7343,0.21,0.254449,13.0.0,32,0,0,1,1e-09,1e-09
tpu_v1_like__Llama_3.3-70B_128k,tpu_v1_like,lm_head,lm_head,1,128256,8192,31457280,2,65536,2,5.605083124667e+02,5.605083124667e+02,0.0000,193,143,485,67,76,47,29,44,26,43,63,39,2186,1839,0.22,0.24478,13.0.0,32,0,0,1,1e-09,1e-09
tpu_v1_like__Llama_3.3-70B_128k,tpu_v1_like,transformer_block,01_attn_q_proj,131072,8192,8192,31457280,2,65536,2,9.701896439645e-01,9.701896439645e-01,0.0000,193,143,485,67,76,47,29,44,26,66,72,45,13074,61988,0.79,0.837492,13.0.0,32,0,0,1,1e-09,1e-09
tpu_v1_like__Llama_3.3-70B_128k,tpu_v1_like,transformer_block,02_attn_kv_proj,131072,1024,8192,31457280,2,65536,2,1.258685381107e+00,1.258685381107e+00,0.0000,193,143,485,67,76,47,29,44,26,66,72,45,13992,41718,0.49,0.521441,13.0.0,32,0,0,1,1e-09,1e-09
tpu_v1_like__Llama_3.3-70B_128k,tpu_v1_like,transformer_block,03_attn_score,1048576,131072,128,31457280,2,65536,2,4.857146184388e+00,4.857146184388e+00,0.0000,193,143,485,67,76,47,29,44,26,66,75,46,63,980,0.1,0.150518,13.0.0,32,0,0,1,1e-09,1e-09
tpu_v1_like__Llama_3.3-70B_128k,tpu_v1_like,transformer_block,04_attn_context,1048576,128,131072,31457280,2,65536,2,4.873567216725e+00,4.873567216725e+00,0.0000,193,143,485,67,76,47,29,44,26,66,75,46,18741,43053,0.72,0.794577,13.0.0,32,0,0,1,1e-09,1e-09
tpu_v1_like__Llama_3.3-70B_128k,tpu_v1_like,transformer_block,05_attn_output,131072,8192,8192,31457280,2,65536,2,9.701896439645e-01,9.701896439645e-01,0.0000,193,143,485,67,76,47,29,44,26,66,72,45,13074,61988,0.75,0.808708,13.0.0,32,0,0,1,1e-09,1e-09
tpu_v1_like__Llama_3.3-70B_128k,tpu_v1_like,transformer_block,06_mlp_gate_up,131072,28672,8192,31457280,2,65536,2,8.537172937740e-01,8.537172937740e-01,0.0000,193,143,485,67,76,47,29,44,26,66,72,45,9615,32159,0.37,0.436875,13.0.0,32,0,0,1,1e-09,1e-09
tpu_v1_like__Llama_3.3-70B_128k,tpu_v1_like,transformer_block,07_mlp_down,131072,8192,28672,31457280,2,65536,2,9.018316097725e-01,9.018316097725e-01,0.0000,193,143,485,67,76,47,29,44,26,66,72,45,16311,72003,1.57,1.619509,13.0.0,32,0,0,1,1e-09,1e-09
tpu_v1_like__Llama_3.3-70B_2k,tpu_v1_like,lm_head,lm_head,1,128256,8192,31457280,2,65536,2,5.605083124667e+02,5.605083124667e+02,0.0000,193,143,485,67,76,47,29,44,26,43,63,39,2186,1839,0.24,0.326232,13.0.0,32,0,0,1,1e-09,1e-09
tpu_v1_like__Llama_3.3-70B_2k,tpu_v1_like,transformer_block,01_attn_q_proj,2048,8192,8192,31457280,2,65536,2,1.041647796802e+00,1.041647796802e+00,0.0000,193,143,485,67,76,47,29,44,26,66,72,45,4270,14755,0.26,0.310644,13.0.0,32,0,0,1,1e-09,1e-09
tpu_v1_like__Llama_3.3-70B_2k,tpu_v1_like,transformer_block,02_attn_kv_proj,2048,1024,8192,31457280,2,65536,2,1.537733703786e+00,1.537733703787e+00,0.0000,193,143,485,67,76,47,29,44,26,63,72,45,12689,43581,0.63,0.707513,13.0.0,32,0,0,1,1e-09,1e-09
tpu_v1_like__Llama_3.3-70B_2k,tpu_v1_like,transformer_block,03_attn_score,16384,2048,128,31457280,2,65536,2,5.161200156713e+00,5.161200156713e+00,0.0000,193,143,485,67,76,47,29,44,26,66,72,45,366,3711,0.14,0.202125,13.0.0,32,0,0,1,1e-09,1e-09
tpu_v1_like__Llama_3.3-70B_2k,tpu_v1_like,transformer_block,04_attn_context,16384,128,2048,31457280,2,65536,2,5.177604326293e+00,5.177604326293e+00,0.0000,193,143,485,67,76,47,29,44,26,66,72,45,5448,24943,0.33,0.387528,13.0.0,32,0,0,1,1e-09,1e-09
tpu_v1_like__Llama_3.3-70B_2k,tpu_v1_like,transformer_block,05_attn_output,2048,8192,8192,31457280,2,65536,2,1.041647796802e+00,1.041647796802e+00,0.0000,193,143,485,67,76,47,29,44,26,66,72,45,4270,14755,0.25,0.303452,13.0.0,32,0,0,1,1e-09,1e-09
tpu_v1_like__Llama_3.3-70B_2k,tpu_v1_like,transformer_block,06_mlp_gate_up,2048,28672,8192,31457280,2,65536,2,9.910267858878e-01,9.910267858878e-01,0.0000,193,143,485,67,76,47,29,44,26,66,72,45,9013,35695,0.55,0.594116,13.0.0,32,0,0,1,1e-09,1e-09
tpu_v1_like__Llama_3.3-70B_2k,tpu_v1_like,transformer_block,07_mlp_down,2048,8192,28672,31457280,2,65536,2,1.033038898036e+00,1.033038898036e+00,0.0000,193,143,485,67,76,47,29,44,26,66,72,45,19788,51334,0.86,0.888307,13.0.0,32,0,0,1,1e-09,1e-09
tpu_v1_like__Llama_3.3-70B_32k,tpu_v1_like,lm_head,lm_head,1,128256,8192,31457280,2,65536,2,5.605083124667e+02,5.605083124667e+02,0.0000,193,143,485,67,76,47,29,44,26,43,63,39,2186,1839,0.22,0.266545,13.0.0,32,0,0,1,1e-09,1e-09
tpu_v1_like__Llama_3.3-70B_32k,tpu_v1_like,transformer_block,01_attn_q_proj,32768,8192,8192,31457280,2,65536,2,9.834776593262e-01,9.834776593262e-01,0.0000,193,143,485,67,76,47,29,44,26,66,72,45,9933,49584,0.68,0.736846,13.0.0,32,0,0,1,1e-09,1e-09
tpu_v1_like__Llama_3.3-70B_32k,tpu_v1_like,transformer_block,02_attn_kv_proj,32768,1024,8192,31457280,2,65536,2,1.271973396472e+00,1.271973396472e+00,0.0000,193,143,485,67,76,47,29,44,26,66,72,45,7818,28523,0.43,0.508528,13.0.0,32,0,0,1,1e-09,1e-09
tpu_v1_like__Llama_3.3-70B_32k,tpu_v1_like,transformer_block,03_attn_score,262144,32768,128,31457280,2,65536,2,4.871624944975e+00,4.871624944975e+00,0.0000,193,143,485,67,76,47,29,44,26,66,72,45,5257,6276,0.76,0.814644,13.0.0,32,0,0,1,1e-09,1e-09
tpu_v1_like__Llama_3.3-70B_32k,tpu_v1_like,transformer_block,04_attn_context,262144,128,32768,31457280,2,65536,2,4.911296141806e+00,4.911296141806e+00,0.0000,193,143,485,67,76,47,29,44,26,66,72,45,24735,108867,0.92,0.969723,13.0.0,32,0,0,1,1e-09,1e-09
tpu_v1_like__Llama_3.3-70B_32k,tpu_v1_like,transformer_block,05_attn_output,32768,8192,8192,31457280,2,65536,2,9.834776593262e-01,9.834776593262e-01,0.0000,193,143,485,67,76,47,29,44,26,66,72,45,9933,49584,0.65,0.702612,13.0.0,32,0,0,1,1e-09,1e-09
tpu_v1_like__Llama_3.3-70B_32k,tpu_v1_like,transformer_block,06_mlp_gate_up,32768,28672,8192,31457280,2,65536,2,8.670053091387e-01,8.670053091386e-01,0.0000,193,143,485,67,76,47,29,44,26,66,72,45,17031,48198,0.54,0.588222,13.0.0,32,0,0,1,1e-09,1e-09
tpu_v1_like__Llama_3.3-70B_32k,tpu_v1_like,transformer_block,07_mlp_down,32768,8192,28672,31457280,2,65536,2,9.151196251443e-01,9.151196251443e-01,0.0000,193,143,485,67,76,47,29,44,26,66,72,45,12654,78875,0.77,0.821287,13.0.0,32,0,0,1,1e-09,1e-09
tpu_v1_like__Qwen3-32B_128k,tpu_v1_like,lm_head,lm_head,1,152064,5120,31457280,2,65536,2,5.605854243459e+02,5.605854243459e+02,0.0000,193,143,485,67,76,47,29,44,26,43,63,39,2653,4387,0.19,0.217413,13.0.0,32,0,0,1,1e-09,1e-09
tpu_v1_like__Qwen3-32B_128k,tpu_v1_like,transformer_block,01_attn_q_proj,131072,8192,5120,31457280,2,65536,2,8.744831475770e-01,8.744831475786e-01,0.0000,193,143,485,67,76,47,29,44,26,66,72,45,8509,22721,0.97,1.025424,13.0.0,32,0,0,1,1e-09,1e-09
tpu_v1_like__Qwen3-32B_128k,tpu_v1_like,transformer_block,02_attn_kv_proj,131072,1024,5120,31457280,2,65536,2,1.299699639275e+00,1.299699639275e+00,0.0000,193,143,485,67,76,47,29,44,26,66,72,45,6352,17988,0.4,0.461446,13.0.0,32,0,0,1,1e-09,1e-09
tpu_v1_like__Qwen3-32B_128k,tpu_v1_like,transformer_block,03_attn_score,1048576,131072,128,31457280,2,65536,2,4.857146184388e+00,4.857146184388e+00,0.0000,193,143,485,67,76,47,29,44,26,66,75,46,63,980,0.1,0.152617,13.0.0,32,0,0,1,1e-09,1e-09
tpu_v1_like__Qwen3-32B_128k,tpu_v1_like,transformer_block,04_attn_context,1048576,128,131072,31457280,2,65536,2,4.873567216725e+00,4.873567216725e+00,0.0000,193,143,485,67,76,47,29,44,26,66,75,46,18741,43053,0.7,0.757109,13.0.0,32,0,0,1,1e-09,1e-09
tpu_v1_like__Qwen3-32B_128k,tpu_v1_like,transformer_block,05_attn_output,131072,5120,8192,31457280,2,65536,2,9.185121877472e-01,9.185121877472e-01,0.0000,193,143,485,67,76,47,29,44,26,66,72,45,21739,70363,0.91,0.963584,13.0.0,32,0,0,1,1e-09,1e-09
tpu_v1_like__Qwen3-32B_128k,tpu_v1_like,transformer_block,06_mlp_gate_up,131072,25600,5120,31457280,2,65536,2,8.461353814638e-01,8.461353814652e-01,0.0000,193,143,485,67,76,47,29,44,26,66,72,45,15387,55346,0.52,0.56874,13.0.0,32,0,0,1,1e-09,1e-09
tpu_v1_like__Qwen3-32B_128k,tpu_v1_like,transformer_block,07_mlp_down,131072,5120,25600,31457280,2,65536,2,9.336408632016e-01,9.336408632016e-01,0.0000,193,143,485,67,76,47,29,44,26,66,72,45,17181,87033,1.02,1.099001,13.0.0,32,0,0,1,1e-09,1e-09
tpu_v1_like__Qwen3-32B_2k,tpu_v1_like,lm_head,lm_head,1,152064,5120,31457280,2,65536,2,5.605854243459e+02,5.605854243459e+02,0.0000,193,143,485,67,76,47,29,44,26,43,63,39,2653,4387,0.24,0.307883,13.0.0,32,0,0,1,1e-09,1e-09
tpu_v1_like__Qwen3-32B_2k,tpu_v1_like,transformer_block,01_attn_q_proj,2048,8192,5120,31457280,2,65536,2,1.082662054970e+00,1.082662054970e+00,0.0000,193,143,485,67,76,47,29,44,26,66,72,45,6741,18326,0.54,0.59751,13.0.0,32,0,0,1,1e-09,1e-09
tpu_v1_like__Qwen3-32B_2k,tpu_v1_like,transformer_block,02_attn_kv_proj,2048,1024,5120,31457280,2,65536,2,1.578747961953e+00,1.578747961953e+00,0.0000,193,143,485,67,76,47,29,44,26,63,72,45,13808,45364,0.58,0.606723,13.0.0,32,0,0,1,1e-09,1e-09
tpu_v1_like__Qwen3-32B_2k,tpu_v1_like,transformer_block,03_attn_score,16384,2048,128,31457280,2,65536,2,5.161200156713e+00,5.161200156713e+00,0.0000,193,143,485,67,76,47,29,44,26,66,72,45,366,3711,0.16,0.216338,13.0.0,32,0,0,1,1e-09,1e-09
tpu_v1_like__Qwen3-32B_2k,tpu_v1_like,transformer_block,04_attn_context,16384,128,2048,31457280,2,65536,2,5.177604326293e+00,5.177604326293e+00,0.0000,193,143,485,67,76,47,29,44,26,66,72,45,5448,24943,0.33,0.354746,13.0.0,32,0,0,1,1e-09,1e-09
tpu_v1_like__Qwen3-32B_2k,tpu_v1_like,transformer_block,05_attn_output,2048,5120,8192,31457280,2,65536,2,1.084169445971e+00,1.084169445971e+00,0.0000,193,143,485,67,76,47,29,44,26,66,72,45,4599,21182,0.28,0.334825,13.0.0,32,0,0,1,1e-09,1e-09
tpu_v1_like__Qwen3-32B_2k,tpu_v1_like,transformer_block,06_mlp_gate_up,2048,25600,5120,31457280,2,65536,2,1.034470852578e+00,1.034470852578e+00,0.0000,193,143,485,67,76,47,29,44,26,66,72,45,4168,18943,0.27,0.319023,13.0.0,32,0,0,1,1e-09,1e-09
tpu_v1_like__Qwen3-32B_2k,tpu_v1_like,transformer_block,07_mlp_down,2048,5120,25600,31457280,2,65536,2,1.053236665621e+00,1.053236665621e+00,0.0000,193,143,485,67,76,47,29,44,26,66,72,45,7759,26932,0.4,0.425909,13.0.0,32,0,0,1,1e-09,1e-09
tpu_v1_like__Qwen3-32B_32k,tpu_v1_like,lm_head,lm_head,1,152064,5120,31457280,2,65536,2,5.605854243459e+02,5.605854243459e+02,0.0000,193,143,485,67,76,47,29,44,26,43,63,39,2653,4387,0.24,0.291309,13.0.0,32,0,0,1,1e-09,1e-09
tpu_v1_like__Qwen3-32B_32k,tpu_v1_like,transformer_block,01_attn_q_proj,32768,8192,5120,31457280,2,65536,2,8.877711629410e-01,8.877711629410e-01,0.0000,193,143,485,67,76,47,29,44,26,66,72,45,7443,31548,0.47,0.524393,13.0.0,32,0,0,1,1e-09,1e-09
tpu_v1_like__Qwen3-32B_32k,tpu_v1_like,transformer_block,02_attn_kv_proj,32768,1024,5120,31457280,2,65536,2,1.312987654640e+00,1.312987654640e+00,0.0000,193,143,485,67,76,47,29,44,26,66,72,45,16593,43131,0.98,1.043863,13.0.0,32,0,0,1,1e-09,1e-09
tpu_v1_like__Qwen3-32B_32k,tpu_v1_like,transformer_block,03_attn_score,262144,32768,128,31457280,2,65536,2,4.871624944975e+00,4.871624944975e+00,0.0000,193,143,485,67,76,47,29,44,26,66,72,45,5257,6276,0.79,0.796034,13.0.0,32,0,0,1,1e-09,1e-09
tpu_v1_like__Qwen3-32B_32k,tpu_v1_like,transformer_block,04_attn_context,262144,128,32768,31457280,2,65536,2,4.911296141806e+00,4.911296141806e+00,0.0000,193,143,485,67,76,47,29,44,26,66,72,45,24735,108867,0.94,0.993177,13.0.0,32,0,0,1,1e-09,1e-09
tpu_v1_like__Qwen3-32B_32k,tpu_v1_like,transformer_block,05_attn_output,32768,5120,8192,31457280,2,65536,2,9.318002031125e-01,9.318002031125e-01,0.0000,193,143,485,67,76,47,29,44,26,66,72,45,17901,29580,0.84,0.882142,13.0.0,32,0,0,1,1e-09,1e-09
tpu_v1_like__Qwen3-32B_32k,tpu_v1_like,transformer_block,06_mlp_gate_up,32768,25600,5120,31457280,2,65536,2,8.594233968277e-01,8.594233968277e-01,0.0000,193,143,485,67,76,47,29,44,26,66,72,45,7796,27831,0.36,0.415073,13.0.0,32,0,0,1,1e-09,1e-09
tpu_v1_like__Qwen3-32B_32k,tpu_v1_like,transformer_block,07_mlp_down,32768,5120,25600,31457280,2,65536,2,9.360758895256e-01,9.360758895256e-01,0.0000,193,143,485,67,76,47,29,44,26,66,72,45,15875,71528,0.94,0.978301,13.0.0,32,0,0,1,1e-09,1e-09
